{"cameraMode":{"drawMode":0,"name":"Shaded","section":"Shading Mode"},"sceneLighting":true,"audioPlay":false,"sceneViewState":{"m_AlwaysRefresh":false,"showFog":true,"showSkybox":true,"showFlares":true,"showImageEffects":true,"showParticleSystems":true,"showVisualEffectGraphs":true,"m_FxEnabled":true},"in2DMode":false,"pivot":{"x":19.021602630615236,"y":16.271575927734376,"z":13.634681701660157},"rotation":{"x":0.21353401243686677,"y":-0.6210164427757263,"z":0.18114078044891358,"w":0.7320748567581177},"size":8.944660186767579,"orthographic":false}