{"cameraMode":{"drawMode":0,"name":"Shaded","section":"Shading Mode"},"sceneLighting":true,"audioPlay":false,"sceneViewState":{"m_AlwaysRefresh":false,"showFog":true,"showSkybox":true,"showFlares":true,"showImageEffects":true,"showParticleSystems":true,"showVisualEffectGraphs":true,"m_FxEnabled":true},"in2DMode":false,"pivot":{"x":5.266548156738281,"y":-6.363870143890381,"z":6.0812177658081059},"rotation":{"x":0.04828779399394989,"y":0.9510668516159058,"z":-0.19706179201602937,"w":0.23304471373558045},"size":19.305452346801759,"orthographic":false}