{"cameraMode":{"drawMode":0,"name":"Shaded","section":"Shading Mode"},"sceneLighting":true,"audioPlay":false,"sceneViewState":{"m_AlwaysRefresh":false,"showFog":true,"showSkybox":true,"showFlares":true,"showImageEffects":true,"showParticleSystems":true,"showVisualEffectGraphs":true,"m_FxEnabled":true},"in2DMode":false,"pivot":{"x":1154.6829833984375,"y":529.9966430664063,"z":0.46415555477142336},"rotation":{"x":0.0005273023271001875,"y":-0.000044115200580563396,"z":0.00001582588447490707,"w":0.9999997615814209},"size":1028.072265625,"orthographic":true}