{"cameraMode":{"drawMode":0,"name":"Shaded","section":"Shading Mode"},"sceneLighting":true,"audioPlay":false,"sceneViewState":{"m_AlwaysRefresh":false,"showFog":true,"showSkybox":true,"showFlares":true,"showImageEffects":true,"showParticleSystems":true,"showVisualEffectGraphs":true,"m_FxEnabled":true},"in2DMode":false,"pivot":{"x":-2.5203921794891359,"y":1.3700000047683716,"z":4.171891689300537},"rotation":{"x":-0.1159059926867485,"y":0.18334604799747468,"z":-0.021801309660077096,"w":-0.9759838581085205},"size":1.8880839347839356,"orthographic":false}