{"cameraMode":{"drawMode":0,"name":"Shaded","section":"Shading Mode"},"sceneLighting":true,"audioPlay":false,"sceneViewState":{"m_AlwaysRefresh":false,"showFog":true,"showSkybox":true,"showFlares":true,"showImageEffects":true,"showParticleSystems":true,"showVisualEffectGraphs":true,"m_FxEnabled":true},"in2DMode":false,"pivot":{"x":-0.08879747241735459,"y":-2.8235228061676027,"z":-0.03224047273397446},"rotation":{"x":-0.04345637559890747,"y":0.9102830290794373,"z":-0.09897969663143158,"w":-0.3996482789516449},"size":4.890860080718994,"orthographic":false}