{"cameraMode":{"drawMode":0,"name":"Shaded","section":"Shading Mode"},"sceneLighting":true,"audioPlay":false,"sceneViewState":{"m_AlwaysRefresh":false,"showFog":true,"showSkybox":true,"showFlares":true,"showImageEffects":true,"showParticleSystems":true,"showVisualEffectGraphs":true,"m_FxEnabled":true},"in2DMode":false,"pivot":{"x":11.984421730041504,"y":0.5560232400894165,"z":13.779690742492676},"rotation":{"x":-0.10182952135801316,"y":0.894572913646698,"z":-0.26238998770713808,"w":-0.34717753529548647},"size":25.12823486328125,"orthographic":false}